﻿{"cameraMode":{"drawMode":0,"name":"Shaded","section":"Shading Mode"},"sceneLighting":true,"audioPlay":false,"sceneViewState":{"showFog":true,"showMaterialUpdate":false,"showSkybox":true,"showFlares":true,"showImageEffects":true,"showParticleSystems":true},"in2DMode":false,"pivot":{"x":0.828315258026123,"y":-0.07015788555145264,"z":-7.937201499938965},"rotation":{"x":-0.26945173740386965,"y":0.41175463795661929,"z":-0.12886565923690797,"w":-0.8609611988067627},"size":4.240488052368164,"orthographic":false}