﻿{"cameraMode":{"drawMode":0,"name":"Shaded","section":"Shading Mode"},"sceneLighting":false,"audioPlay":false,"sceneViewState":{"showFog":true,"showMaterialUpdate":false,"showSkybox":false,"showFlares":true,"showImageEffects":true,"showParticleSystems":true},"in2DMode":false,"pivot":{"x":0.13362981379032136,"y":14.728292465209961,"z":-1.6192381381988526},"rotation":{"x":-0.22405382990837098,"y":0.3945048153400421,"z":-0.09981390088796616,"w":-0.8855537176132202},"size":3.0378658771514894,"orthographic":false}